filename,count,url,confirmed
libpl_droidsonroids_gif.so,12093,https://github.com/koral--/android-gif-drawable/blob/HEAD/android-gif-drawable/src/main/c/gif.c,True
libimagepipeline.so,10647,https://github.com/facebook/fresco/blob/HEAD/imagepipeline-native/src/main/jni/imagepipeline/init.cpp,True
libmmkv.so,10643,https://github.com/Tencent/MMKV/blob/HEAD/Android/MMKV/mmkv/src/main/cpp/native-bridge.cpp,True
libijkplayer.so,9420,https://github.com/bilibili/ijkplayer/blob/HEAD/ijkmedia/ijkplayer/ijkmeta.c,True
libijkffmpeg.so,9417,https://github.com/Bilibili/FFmpeg/blob/ff4.0--ijk0.8.8--20210426--001/libavcodec/decode.c,True
libijksdl.so,9412,https://github.com/bilibili/ijkplayer/blob/HEAD/ijkmedia/ijksdl/ijksdl_egl.c,True
libnative-filters.so,9186,https://github.com/facebook/fresco/blob/HEAD/native-filters/src/main/jni/native-filters/init.cpp,True
libnative-imagetranscoder.so,8948,https://github.com/facebook/fresco/blob/HEAD/native-imagetranscoder/src/main/jni/native-imagetranscoder/init.cpp,True
libgifimage.so,8453,https://github.com/facebook/fresco/blob/HEAD/animated-gif/src/main/jni/gifimage/gif.cpp,True
libstatic-webp.so,5957,https://github.com/facebook/fresco/blob/HEAD/static-webp/src/main/jni/static-webp/webp.cpp,True
libweexjsb.so,5782,https://github.com/alibaba/weex/blob/HEAD/weex_core/Source/js_runtime/runtime/runtime_vm.cc,False
libweexjst.so,5782,https://github.com/alibaba/weex/blob/HEAD/weex_core/Source/js_runtime/runtime/runtime_vm.cc,False
libweexcore.so,5779,https://github.com/alibaba/weex/blob/HEAD/weex_core/Source/core/layout/style.cpp,True
libweexjss.so,5768,https://github.com/alibaba/weex/blob/HEAD/weex_core/Source/js_runtime/runtime/runtime_vm.cc,True
libimage_processing_util_jni.so,5721,https://github.com/androidx/androidx/blob/5a78d14b1d24594e5f032ea40537295c71f21a3e/camera/camera-core/src/main/cpp/image_processing_util_jni.cc,True
libbreakpad-core.so,5511,https://github.com/google/breakpad/blob/6598c9c33fc02da7805401f3b0f1a733e6a24071/src/client/linux/handler/exception_handler.cc,False
libflutter.so,4781,https://github.com/flutter/engine/blob/HEAD/shell/platform/android/image_lru.cc,True
liblamemp3.so,4730,https://github.com/naman14/TAndroidLame/blob/59616bf8f046623df23f58ecba4301e30a4baa4c/androidlame/src/main/jni/libmp3lame/lame.c,False
libjniPdfium.so,4405,https://github.com/barteksc/PdfiumAndroid/blob/HEAD/src/main/jni/src/mainJNILib.cpp,True
libmodpdfium.so,4381,https://android.googlesource.com/platform/external/pdfium/+/android-7.1.2_r36/fpdfsdk/src/fpdfview.cpp,True
libmodft2.so,4310,https://android.googlesource.com/platform/external/freetype/+/android-7.1.2_r36/src/base/ftbase.c,True
libmodpng.so,4310,https://android.googlesource.com/platform/external/libpng/+/android-7.1.2_r36/pngread.c,True
libsqlcipher.so,2697,https://github.com/sqlcipher/sqlcipher/blob/HEAD/src/sqlcipher.c,True
libavutil.so,2688,https://github.com/FFmpeg/FFmpeg/blob/10506de9ad1fb050737ef79cf4853742b793c37d/libavutil/md5.c,True
libavcodec.so,2672,https://github.com/FFmpeg/FFmpeg/blob/10506de9ad1fb050737ef79cf4853742b793c37d/libavcodec/dv.c,True
libavformat.so,2620,https://github.com/FFmpeg/FFmpeg/blob/10506de9ad1fb050737ef79cf4853742b793c37d/libavformat/ip.c,True
libswscale.so,2584,https://github.com/FFmpeg/FFmpeg/blob/10506de9ad1fb050737ef79cf4853742b793c37d/libswscale/slice.c,True
libglide-webp.so,2466,https://github.com/zjupure/GlideWebpDecoder/blob/HEAD/webp_decoder/src/main/jni/webp.cpp,True
libswresample.so,2442,https://github.com/FFmpeg/FFmpeg/blob/10506de9ad1fb050737ef79cf4853742b793c37d/libswresample/dither.c,True
libavfilter.so,2310,https://github.com/FFmpeg/FFmpeg/blob/10506de9ad1fb050737ef79cf4853742b793c37d/libavfilter/bbox.c,True
libyoga.so,2207,https://github.com/facebook/yoga/blob/HEAD/java/jni/common.cpp,True
libconscrypt_jni.so,2197,https://github.com/google/conscrypt/blob/HEAD/common/src/jni/main/cpp/conscrypt/jniutil.cc,True
libdatastore_shared_counter.so,2190,https://github.com/androidx/androidx/blob/5a78d14b1d24594e5f032ea40537295c71f21a3e/datastore/datastore-core/src/androidMain/cpp/jni/androidx_datastore_core_SharedCounter.cc,True
libglog.so,1915,https://github.com/google/glog/blob/HEAD/src/flags.cc,True
libreactnativejni.so,1905,https://github.com/facebook/react-native/blob/HEAD/packages/react-native/ReactAndroid/src/main/jni/react/jni/OnLoad.cpp,True
libfbjni.so,1872,https://github.com/facebookincubator/fbjni/blob/HEAD/cxx/lyra/lyra.cpp,True
libjsinspector.so,1865,https://github.com/facebook/react-native/blob/HEAD/packages/react-native/ReactCommon/jsinspector-modern/HostAgent.cpp,True
libavdevice.so,1850,https://github.com/FFmpeg/FFmpeg/blob/10506de9ad1fb050737ef79cf4853742b793c37d/libavdevice/xv.c,True
libmp3lame.so,1742,https://svn.code.sf.net/p/lame/svn/trunk/lame/libmp3lame/lame.c,True
libglog_init.so,1723,https://github.com/facebook/react-native/blob/cfc4d196a947329309e29c08d44967b31220393b/ReactAndroid/src/main/jni/first-party/fbgloginit/glog_init.cpp,True
libpag.so,1645,https://github.com/Tencent/libpag/blob/HEAD/src/base/Rect.cpp,True
libreactnativeblob.so,1587,https://github.com/facebook/react-native/blob/HEAD/packages/react-native/ReactAndroid/src/main/jni/react/reactnativeblob/OnLoad.cpp,True
libjsijniprofiler.so,1579,https://github.com/facebook/react-native/blob/HEAD/packages/react-native/ReactAndroid/src/main/jni/react/hermes/instrumentation/OnLoad.cpp,True
libjsc.so,1385,https://github.com/WebKit/WebKit/blob/HEAD/Source/JavaScriptCore/API/JSContextRef.cpp,True
libjsi.so,1362,https://github.com/facebook/react-native/blob/HEAD/packages/react-native/ReactCommon/jsi/jsi/jsi.cpp,True
libiconv.so,1351,https://ftp.gnu.org/pub/gnu/libiconv/libiconv-1.17.tar.gz,True
libandroidx.graphics.path.so,1300,https://github.com/androidx/androidx/blob/5a78d14b1d24594e5f032ea40537295c71f21a3e/graphics/graphics-path/src/main/cpp/pathway.cpp,True
libucrop.so,1265,https://github.com/Yalantis/uCrop/blob/HEAD/ucrop/src/main/jni/uCrop.cpp,True
libjscexecutor.so,1189,https://github.com/facebook/react-native/blob/b0a27d2b4b9f474deaf3835c9a1b9af200dd9f79/ReactAndroid/src/main/jni/react/jscexecutor/OnLoad.cpp,True
libhermes.so,1187,https://github.com/facebook/hermes/blob/HEAD/API/hermes/hermes.cpp,True
libmarsxlog.so,1185,https://github.com/Tencent/mars/blob/HEAD/mars/libraries/mars_xlog_sdk/jni/import.cc,True
libturbomodulejsijni.so,1180,https://github.com/facebook/react-native/blob/HEAD/packages/react-native/ReactAndroid/src/main/jni/react/turbomodule/ReactCommon/OnLoad.cpp,True
libreact_nativemodule_core.so,1153,https://github.com/facebook/react-native/blob/HEAD/packages/react-native/ReactCommon/react/nativemodule/core/ReactCommon/TurboModule.cpp,True
libsoundtouch.so,1141,https://codeberg.org/soundtouch/soundtouch/raw/branch/master/source/SoundTouch/SoundTouch.cpp,True
libyuv.so,1137,https://chromium.googlesource.com/libyuv/libyuv/+/refs/heads/main/source/convert.cc,True
libreactperfloggerjni.so,1109,https://github.com/facebook/react-native/blob/b0a27d2b4b9f474deaf3835c9a1b9af200dd9f79/ReactAndroid/src/main/jni/react/reactperflogger/reactperflogger/OnLoad.cpp,True
libreact_debug.so,1092,https://github.com/facebook/react-native/blob/HEAD/packages/react-native/ReactCommon/react/debug/redbox/JscSafeUrl.cpp,True
libreact_render_debug.so,1088,https://github.com/facebook/react-native/blob/b0a27d2b4b9f474deaf3835c9a1b9af200dd9f79/ReactCommon/react/renderer/debug/DebugStringConvertible.cpp,True
libreact_render_core.so,1087,https://github.com/facebook/react-native/blob/b0a27d2b4b9f474deaf3835c9a1b9af200dd9f79/ReactCommon/react/renderer/core/State.cpp,True
libreact_render_graphics.so,1086,https://github.com/facebook/react-native/blob/b0a27d2b4b9f474deaf3835c9a1b9af200dd9f79/ReactCommon/react/renderer/graphics/Transform.cpp,True
libreact_utils.so,1086,https://github.com/facebook/react-native/blob/HEAD/packages/react-native/ReactCommon/react/utils/Uuid.cpp,True
libreact_render_mapbuffer.so,1085,https://github.com/facebook/react-native/blob/b0a27d2b4b9f474deaf3835c9a1b9af200dd9f79/ReactCommon/react/renderer/mapbuffer/MapBuffer.cpp,True
libmapbufferjni.so,1083,https://github.com/facebook/react-native/blob/HEAD/packages/react-native/ReactAndroid/src/main/jni/react/mapbuffer/react/common/mapbuffer/JWritableMapBuffer.cpp,True
libfolly_json.so,1080,https://github.com/facebook/folly/blob/v2020.01.13.00/folly/json.cpp,True
libfabricjni.so,1078,https://github.com/facebook/react-native/blob/HEAD/packages/react-native/ReactAndroid/src/main/jni/react/fabric/OnLoad.cpp,True
libreact_render_imagemanager.so,1078,https://github.com/facebook/react-native/blob/b0a27d2b4b9f474deaf3835c9a1b9af200dd9f79/ReactCommon/react/renderer/imagemanager/ImageResponse.cpp,True
libreact_render_componentregistry.so,1076,https://github.com/facebook/react-native/blob/b0a27d2b4b9f474deaf3835c9a1b9af200dd9f79/ReactCommon/react/renderer/componentregistry/ComponentDescriptorRegistry.cpp,True
librrc_image.so,1073,https://github.com/facebook/react-native/blob/HEAD/packages/react-native/ReactCommon/react/renderer/components/image/ImageState.cpp,True
librrc_view.so,1073,https://github.com/facebook/react-native/blob/HEAD/packages/react-native/ReactCommon/react/renderer/components/view/BaseTouch.cpp,True
librxffmpeg-invoke.so,1069,https://github.com/microshow/RxFFmpeg/blob/master/rxffmpeg/CMakeLists.txt,False
librxffmpeg-core.so,1068,https://github.com/FFmpeg/FFmpeg/blob/n4.0/libavcodec/decode.c,False
librxffmpeg-player.so,1017,https://github.com/microshow/RxFFmpeg/blob/master/rxffmpeg/CMakeLists.txt,False
libffmpeg.so,975,https://github.com/FFmpeg/FFmpeg/blob/10506de9ad1fb050737ef79cf4853742b793c37d/fftools/ffmpeg.c,False
libsurface_util_jni.so,960,https://github.com/androidx/androidx/blob/5a78d14b1d24594e5f032ea40537295c71f21a3e/camera/camera-core/src/main/cpp/surface_util_jni.cc,True
libcrypto.so,959,https://github.com/openssl/openssl/blob/HEAD/crypto/provider_conf.c,True
libruntimeexecutor.so,957,https://github.com/facebook/react-native/blob/HEAD/packages/react-native/ReactCommon/runtimeexecutor/platform/cxx/ReactCommon/RuntimeExecutorSyncUIThreadUtils.cpp,True
libsqlite.so,945,https://github.com/sqlite/sqlite/blob/64c2f58d739e7ca1633a7b7fbe7e5bf053f29ef5/src/main.c,True
libreact_render_runtimescheduler.so,919,https://github.com/facebook/react-native/blob/b0a27d2b4b9f474deaf3835c9a1b9af200dd9f79/ReactCommon/react/renderer/runtimescheduler/Task.cpp,True
libreact_render_mounting.so,913,https://github.com/facebook/react-native/blob/b0a27d2b4b9f474deaf3835c9a1b9af200dd9f79/ReactCommon/react/renderer/mounting/stubs.cpp,True
libreact_render_leakchecker.so,911,https://github.com/facebook/react-native/blob/b0a27d2b4b9f474deaf3835c9a1b9af200dd9f79/ReactCommon/react/renderer/leakchecker/LeakChecker.cpp,True
libreact_render_scheduler.so,911,https://github.com/facebook/react-native/blob/b0a27d2b4b9f474deaf3835c9a1b9af200dd9f79/ReactCommon/react/renderer/scheduler/Scheduler.cpp,True
libreact_render_attributedstring.so,910,https://github.com/facebook/react-native/blob/b0a27d2b4b9f474deaf3835c9a1b9af200dd9f79/ReactCommon/react/renderer/attributedstring/TextAttributes.cpp,True
libreact_render_templateprocessor.so,910,https://github.com/facebook/react-native/blob/b0a27d2b4b9f474deaf3835c9a1b9af200dd9f79/ReactCommon/react/renderer/templateprocessor/UITemplateProcessor.cpp,True
libreact_render_textlayoutmanager.so,910,https://github.com/facebook/react-native/blob/b0a27d2b4b9f474deaf3835c9a1b9af200dd9f79/ReactCommon/react/renderer/textlayoutmanager/TextMeasureCache.cpp,True
libreact_render_uimanager.so,910,https://github.com/facebook/react-native/blob/b0a27d2b4b9f474deaf3835c9a1b9af200dd9f79/ReactCommon/react/renderer/uimanager/UIManager.cpp,True
librrc_text.so,909,https://github.com/facebook/react-native/blob/HEAD/packages/react-native/ReactCommon/react/renderer/components/text/TextProps.cpp,True
librrc_unimplementedview.so,909,https://github.com/facebook/react-native/blob/HEAD/packages/react-native/ReactCommon/react/renderer/components/unimplementedview/UnimplementedViewProps.cpp,True
libreact_render_animations.so,908,https://github.com/facebook/react-native/blob/b0a27d2b4b9f474deaf3835c9a1b9af200dd9f79/ReactCommon/react/renderer/animations/utils.cpp,True
libreact_render_telemetry.so,908,https://github.com/facebook/react-native/blob/b0a27d2b4b9f474deaf3835c9a1b9af200dd9f79/ReactCommon/react/renderer/telemetry/SurfaceTelemetry.cpp,True
librrc_root.so,907,https://github.com/facebook/react-native/blob/HEAD/packages/react-native/ReactCommon/react/renderer/components/root/RootProps.cpp,True
libssl.so,872,https://github.com/openssl/openssl/blob/HEAD/ssl/t1_enc.c,True
libffmpegkit_abidetect.so,863,https://github.com/arthenica/ffmpeg-kit/blob/HEAD/android/ffmpeg-kit-android-lib/src/main/cpp/ffmpegkit_abidetect.c,True
libreanimated.so,836,https://github.com/software-mansion/react-native-reanimated/blob/HEAD/packages/react-native-reanimated/Common/cpp/reanimated/NativeModules/ReanimatedModuleProxy.cpp,True
libfolly_runtime.so,828,https://github.com/facebook/folly/blob/v2020.01.13.00/folly/Executor.cpp,False
librrc_textinput.so,822,https://github.com/facebook/react-native/blob/HEAD/packages/react-native/ReactCommon/react/renderer/components/textinput/BaseTextInputProps.cpp,True
libzbarjni.so,820,https://github.com/mchehab/zbar/blob/2d7bada6ecc247e508640b31fe31e323731dadc1/zbar/error.c,True
libMNN.so,809,https://github.com/alibaba/MNN/blob/2c3f5b21a223734e5db7da4ef7b492bc02cafcf5/source/core/Tensor.cpp,True
libreact_config.so,786,https://github.com/facebook/react-native/blob/b0a27d2b4b9f474deaf3835c9a1b9af200dd9f79/ReactCommon/react/config/ReactNativeConfig.cpp,True
libxcrash.so,786,https://github.com/iqiyi/xCrash/blob/86dea4fa0cdbae68b63e9b34436fa20b51244d11/xcrash_lib/src/main/cpp/dl/xc_dl.c,True
libxcrash_dumper.so,783,https://github.com/iqiyi/xCrash/blob/86dea4fa0cdbae68b63e9b34436fa20b51244d11/xcrash_lib/src/main/cpp/lzma/Xz.c,True
libopencv_java4.so,779,https://github.com/opencv/opencv/blob/b0dc474160e389b9c9045da5db49d03ae17c6a6b/modules/java/generator/src/cpp/Mat.cpp,True
librrc_scrollview.so,778,https://github.com/facebook/react-native/blob/HEAD/packages/react-native/ReactCommon/react/renderer/components/scrollview/ScrollEvent.cpp,True
libhermes-executor-release.so,770,https://github.com/facebook/react-native/blob/cfc4d196a947329309e29c08d44967b31220393b/ReactAndroid/src/main/java/com/facebook/hermes/reactexecutor/OnLoad.cpp,True
libfolly_futures.so,763,https://github.com/facebook/folly/blob/v2020.01.13.00/folly/Executor.cpp,True
libsentry.so,762,https://github.com/getsentry/sentry-native/blob/5f624e21fa7d4fbf28b6f3fe673d9e6a04bec30f/src/sentry_mpack.c,True
libsentry-android.so,760,https://github.com/getsentry/sentry-native/blob/5f624e21fa7d4fbf28b6f3fe673d9e6a04bec30f/ndk/lib/src/main/jni/sentry.c,True
libffmpegkit.so,744,https://github.com/arthenica/ffmpeg-kit/blob/HEAD/apple/src/fftools_ffmpeg.c,True
libtensorflowlite_jni.so,725,https://github.com/tensorflow/tensorflow/blob/2cd0c5b52c738eaf05fe18866b9da090fa3fea87/tensorflow/lite/java/src/main/native/nativeinterpreterwrapper_jni.cc,True
libpostproc.so,724,https://github.com/FFmpeg/FFmpeg/blob/10506de9ad1fb050737ef79cf4853742b793c37d/libpostproc/postprocess.c,True
libjnidispatch.so,715,https://github.com/java-native-access/jna/blob/d036ad9781adad4b66693e8fa7098e4ac665e0a3/native/dispatch.c,True
libconceal.so,698,https://github.com/facebook/conceal/blob/f73541e79ac392ace032e53e2ef2ed4cc730b3fc/native/cpp/Cipher.cpp,True
libreact_newarchdefaults.so,674,https://github.com/facebook/react-native/blob/HEAD/packages/react-native/ReactAndroid/src/main/jni/react/newarchdefaults/OnLoad.cpp,True
libhermes_executor.so,652,https://github.com/facebook/react-native/blob/b0a27d2b4b9f474deaf3835c9a1b9af200dd9f79/ReactCommon/hermes/executor/HermesExecutorFactory.cpp,True
libhermes-executor-debug.so,628,https://github.com/facebook/react-native/blob/cfc4d196a947329309e29c08d44967b31220393b/ReactAndroid/src/main/java/com/facebook/hermes/reactexecutor/OnLoad.cpp,True
librealm-jni.so,628,https://github.com/realm/realm-java/blob/e5f4caac29d2ca36022352ef5c1f59045750e021/realm/realm-library/src/main/cpp/io_realm_internal_OsSharedRealm.cpp,True
libopenssl.so,574,https://github.com/openssl/openssl/blob/HEAD/crypto/evp/evp_enc.c,False
librrc_legacyviewmanagerinterop.so,572,https://github.com/facebook/react-native/blob/HEAD/packages/react-native/ReactCommon/react/renderer/components/legacyviewmanagerinterop/LegacyViewManagerInteropViewProps.cpp,True
libhermes-inspector.so,568,https://github.com/facebook/react-native/blob/cfc4d196a947329309e29c08d44967b31220393b/ReactCommon/hermes/inspector/Inspector.cpp,True
libpaddle_light_api_shared.so,533,https://github.com/PaddlePaddle/Paddle-Lite/blob/8c07d68f8508b722b903f366dc6a84efb2e086ef/lite/api/cxx_api.cc,True
libopus.so,525,https://github.com/xiph/opus/blob/503d81b138d76621aae4b12786e90de48aa8db3a/src/opus_decoder.c,True
liblogan.so,523,https://github.com/Meituan-Dianping/Logan/blob/4c1ebca8395723075e3108bea1a6833420485398/Example/Logan-Android/logan/src/main/jni/clogan_protocol.c,True
libwcdb.so,521,https://github.com/Tencent/wcdb/blob/17ebdcbb0a6d610432ea0106718a40676506b0a3/deprecated/android/jni/com_tencent_wcdb_database_SQLiteConnection.cpp,True
libmobileffmpeg_abidetect.so,511,https://github.com/tanersener/mobile-ffmpeg/blob/7a9c62f5563bff68da43d07e3286b5d8db50d53f/android/app/src/main/cpp/mobileffmpeg_abidetect.c,True
librnscreens.so,464,https://github.com/software-mansion/react-native-screens/blob/96dd16decb2ce48152eebb28b9a09390335a10ed/android/src/main/cpp/OnLoad.cpp,True
libmobileffmpeg.so,458,https://github.com/tanersener/mobile-ffmpeg/blob/7a9c62f5563bff68da43d07e3286b5d8db50d53f/android/app/src/main/cpp/mobileffmpeg.c,True
libfreetype.so,435,https://github.com/freetype/freetype/blob/79d80cadfc3d992e307c15a3f7d3a2a1555235a5/src/pcf/pcf.c,True
libavcodec_neon.so,423,https://github.com/FFmpeg/FFmpeg/blob/10506de9ad1fb050737ef79cf4853742b793c37d/libavcodec/decode.c,False
libavfilter_neon.so,423,https://github.com/FFmpeg/FFmpeg/blob/10506de9ad1fb050737ef79cf4853742b793c37d/libavfilter/avfilter.c,False
libswscale_neon.so,423,https://github.com/FFmpeg/FFmpeg/blob/10506de9ad1fb050737ef79cf4853742b793c37d/libswscale/swscale.c,False
libavif_android.so,422,https://github.com/AOMediaCodec/libavif/blob/fa78ed71de0bcd35cc314393ea491e57c0eba66f/android_jni/avifandroidjni/src/main/jni/libavif_jni.cc,True
libfdk-aac.so,420,https://github.com/mstorsjo/fdk-aac/blob/3e09594ca7abb6b35e36fee071331971e5f8b4a3/cpp/libFDK/src/qmf.cpp,True
libopenal.so,420,https://github.com/kcat/openal-soft/blob/09e2be796e34ad4b6b129204ba2d187bf4577924/alc/alc.cpp,True
libcurl.so,418,https://github.com/curl/curl/blob/bea2e5d6d1dd11b443eef091681cd132209b5bc2/lib/dllmain.c,True
libavdevice_neon.so,394,https://github.com/FFmpeg/FFmpeg/blob/10506de9ad1fb050737ef79cf4853742b793c37d/libavdevice/avdevice.c,False
libavformat_neon.so,394,https://github.com/FFmpeg/FFmpeg/blob/10506de9ad1fb050737ef79cf4853742b793c37d/libavformat/utils.c,False
libavutil_neon.so,394,https://github.com/FFmpeg/FFmpeg/blob/10506de9ad1fb050737ef79cf4853742b793c37d/libavutil/mem.c,False
libswresample_neon.so,394,https://github.com/FFmpeg/FFmpeg/blob/10506de9ad1fb050737ef79cf4853742b793c37d/libswresample/swresample.c,False
libsqlite3.so,381,https://github.com/sqlite/sqlite/blob/64c2f58d739e7ca1633a7b7fbe7e5bf053f29ef5/src/main.c,True
libffmpeg-exec.so,375,https://github.com/FFmpeg/FFmpeg/blob/10506de9ad1fb050737ef79cf4853742b793c37d/fftools/ffmpeg.c,False
libcocos2dlua.so,370,https://github.com/cocos2d/cocos2d-x/blob/7a5282a301a13e467bdcc3466d3cd3883862aadf/templates/lua-template-default/frameworks/runtime-src/proj.linux/main.cpp,True
libCGE.so,368,https://github.com/wysaid/android-gpuimage-plus/blob/32bf703b9ffe49036853d027bc3350491985feae/library/src/main/jni/cge/common/cgeGL3Stub.c,True
libzbar.so,360,https://github.com/mchehab/zbar/blob/2d7bada6ecc247e508640b31fe31e323731dadc1/zbar/decoder.c,True
libCGEExt.so,357,https://github.com/wysaid/android-gpuimage-plus/blob/32bf703b9ffe49036853d027bc3350491985feae/library/src/main/jni/custom/customHelper.cpp,True
libgpuimage-library.so,346,https://github.com/cats-oss/android-gpuimage/blob/b0ec8faa21c74859072c47742e6ed1edcf56d729/library/jni/yuv-decoder.c,True
libopencv_core.so,338,https://github.com/opencv/opencv/blob/73a26a423163d0284a41e997717b00933978b256/modules/core/src/ocl.cpp,True
libopencv_imgproc.so,338,https://github.com/opencv/opencv/blob/73a26a423163d0284a41e997717b00933978b256/modules/imgproc/src/lsd.cpp,True
libbytehook.so,335,https://github.com/bytedance/bhook/blob/a8bd254f6e53022b65136f40d10ae3763b6ef8ad/bytehook/src/main/cpp/bh_dl.c,True
libxhook_lib.so,332,https://github.com/iqiyi/xHook/blob/391d0c4103626bf39d54a1d9c7a10965c82ff8d2/libxhook/jni/xhook.c,False
libworklets.so,329,https://github.com/software-mansion/react-native-reanimated/blob/HEAD/packages/react-native-worklets/Common/cpp/worklets/NativeModules/WorkletsModuleProxy.cpp,True
libshadowhook.so,326,https://github.com/bytedance/android-inline-hook/blob/593f491be68799f03ee3bab71ce5908846437147/shadowhook/src/main/cpp/sh_hub.c,True
libreactnative.so,311,https://github.com/facebook/react-native/blob/HEAD/packages/react-native/ReactCommon/react/runtime/TimerManager.cpp,True
libopencv_java3.so,304,https://github.com/opencv/opencv/blob/3.4.2/modules/java/generator/src/cpp/Mat.cpp,True
libavcodec_ffmpeg.so,290,https://github.com/FFmpeg/FFmpeg/blob/10506de9ad1fb050737ef79cf4853742b793c37d/libavcodec/decode.c,False
libavformat_ffmpeg.so,290,https://github.com/FFmpeg/FFmpeg/blob/10506de9ad1fb050737ef79cf4853742b793c37d/libavformat/utils.c,False
libavutil_ffmpeg.so,290,https://github.com/FFmpeg/FFmpeg/blob/10506de9ad1fb050737ef79cf4853742b793c37d/libavutil/mem.c,False
libswresample_ffmpeg.so,290,https://github.com/FFmpeg/FFmpeg/blob/10506de9ad1fb050737ef79cf4853742b793c37d/libswresample/swresample.c,False
libswscale_ffmpeg.so,290,https://github.com/FFmpeg/FFmpeg/blob/10506de9ad1fb050737ef79cf4853742b793c37d/libswscale/swscale.c,False
libspeex.so,277,https://github.com/xiph/speex/blob/05895229896dc942d453446eba6f9f5ddcf95422/libspeex/vq.c,True
libreactnativeutilsjni.so,266,https://github.com/facebook/react-native/blob/cfc4d196a947329309e29c08d44967b31220393b/ReactAndroid/src/main/jni/react/jni/ReadableNativeMap.cpp,False
libopenh264.so,265,https://github.com/cisco/openh264/blob/1a0073f0322c8b74cbcb75ca1bb1c3d19d75538d/codec/decoder/core/src/decoder.cpp,True
libffmpegkit_armv7a_neon.so,261,https://github.com/arthenica/ffmpeg-kit/blob/HEAD/android/ffmpeg-kit-android-lib/src/main/cpp/ffmpegkit.c,True
libMNN_CL.so,260,https://github.com/alibaba/MNN/blob/2c3f5b21a223734e5db7da4ef7b492bc02cafcf5/source/backend/opencl/core/OpenCLBackend.cpp,True
libjpeg.so,252,https://github.com/libjpeg-turbo/libjpeg-turbo/blob/43ea809765004508d8da72ebe562cf570c6a62b2/src/jcicc.c,True
libturbojpeg.so,250,https://github.com/libjpeg-turbo/libjpeg-turbo/blob/43ea809765004508d8da72ebe562cf570c6a62b2/src/jcicc.c,True
libtensorflowlite_gpu_jni.so,247,https://github.com/tensorflow/tensorflow/blob/2cd0c5b52c738eaf05fe18866b9da090fa3fea87/tensorflow/lite/delegates/gpu/java/src/main/native/gpu_delegate_jni.cc,True
libbspatch.so,241,https://github.com/mendsley/bsdiff/blob/b817e9491cf7b8699c8462ef9e2657ca4ccd7667/bspatch.c,False
libhermesinstancejni.so,234,https://github.com/facebook/react-native/blob/HEAD/packages/react-native/ReactAndroid/src/main/jni/react/runtime/hermes/jni/OnLoad.cpp,True
librninstance.so,234,https://github.com/facebook/react-native/blob/HEAD/packages/react-native/ReactAndroid/src/main/jni/react/runtime/jni/OnLoad.cpp,True
libuimanagerjni.so,234,https://github.com/facebook/react-native/blob/HEAD/packages/react-native/ReactAndroid/src/main/jni/react/uimanager/OnLoad.cpp,True
libjscinstance.so,232,https://github.com/facebook/react-native/blob/v0.54.4/ReactCommon/cxxreact/JSCExecutor.cpp,False
libexpo-modules-core.so,231,https://github.com/expo/expo/blob/ae59319fd777c262daadd8e6a2d88bc13aeeb1e3/packages/expo-modules-core/android/src/main/cpp/JavaScriptRuntime.cpp,True
libffmpeg_mediametadataretriever_jni.so,230,https://github.com/wseemann/FFmpegMediaMetadataRetriever/blob/b22f62c82f0639506555bfba7eff51c04cb0f0b6/native/src/main/jni/metadata/ffmpeg_mediametadataretriever.c,True
libmbedtls.so,227,https://github.com/Mbed-TLS/mbedtls/blob/de23569aa95ac518e1c794236219dcb04fca4ae5/library/debug.c,True
libZBarDecoder.so,225,https://github.com/mchehab/zbar/blob/2d7bada6ecc247e508640b31fe31e323731dadc1/zbar/decoder.c,False
libj2v8.so,221,https://github.com/eclipsesource/J2V8/blob/ef51daad093f21f714727b704ec740a5fb1e5f1e/jni/android_stdio_stubs.c,True
libcrypto.1.1.so,213,https://github.com/openssl/openssl/blob/OpenSSL_1_1_1w/crypto/evp/evp_enc.c,True
libssl.1.1.so,212,https://github.com/openssl/openssl/blob/OpenSSL_1_1_1w/ssl/ssl_lib.c,True
libavfilter_ffmpeg.so,211,https://github.com/FFmpeg/FFmpeg/blob/10506de9ad1fb050737ef79cf4853742b793c37d/libavfilter/avfilter.c,False
libchmlib.so,210,https://github.com/jedwing/CHMLib/blob/2bef8d063ec7d88a8de6fd9f0513ea42ac0fa21f/src/chm_lib.c,True
libgesturehandler.so,208,https://github.com/software-mansion/react-native-gesture-handler/blob/993bbe74a5b258a9b2078a19ef4c2093d06564e2/packages/react-native-gesture-handler/android/src/main/jni/OnLoad.cpp,True
libvudroid.so,204,https://storage.googleapis.com/google-code-archive-source/v2/code.google.com/vudroid/source-archive.zip,True
libmemchunk.so,203,https://github.com/facebook/fresco/blob/HEAD/imagepipeline-native/src/main/jni/memchunk/NativeMemoryChunk.c,True
libVisionCamera.so,198,https://github.com/mrousavy/react-native-vision-camera/blob/91bae1f08d549b50444ee16661dc4f4375cba0b6/packages/react-native-vision-camera/android/src/main/cpp/cpp-adapter.cpp,True
libwebp.so,198,https://github.com/webmproject/libwebp/blob/7073d86ced421fee654eeb84c5255ed88e1ebffa/src/dsp/enc.c,True
libonnxruntime.so,195,https://github.com/microsoft/onnxruntime/blob/0c45e0dc8e85c10e835b6347e2bdd56f02c6406e/onnxruntime/core/session/inference_session.cc,True
libkoom-strip-dump.so,194,https://github.com/KwaiAppTeam/KOOM/blob/df3b8c33f63ab1f23e814c19792314efb653deaf/koom-java-leak/src/main/cpp/hprof_strip.cpp,True
libkoom-fast-dump.so,192,https://github.com/KwaiAppTeam/KOOM/blob/df3b8c33f63ab1f23e814c19792314efb653deaf/koom-fast-dump/src/main/cpp/hprof_dump.cpp,True
librenderscript-toolkit.so,189,https://github.com/android/renderscript-intrinsics-replacement-toolkit/blob/344be3f6bf03fb6b63a80b36f08f8dccac59d784/renderscript-toolkit/src/main/cpp/Lut.cpp,True
libcocos2djs.so,184,https://github.com/cocos2d/cocos2d-x/blob/7a5282a301a13e467bdcc3466d3cd3883862aadf/cocos/base/CCDirector.cpp,False
libandroidlame.so,183,https://github.com/naman14/TAndroidLame/blob/59616bf8f046623df23f58ecba4301e30a4baa4c/androidlame/src/main/jni/AndroidLame.c,True
libhermes-executor-common-release.so,177,https://github.com/facebook/react-native/blob/2642fe185f9282ef6e39619617671068f9696008/ReactCommon/hermes/executor/HermesExecutorFactory.cpp,True
libxdl.so,172,https://github.com/hexhacking/xDL/blob/1e0b6254165a2ddcbd32f77a371700c69155acf8/xdl/src/main/cpp/xdl.c,True
libopencv_imgcodecs.so,171,https://github.com/opencv/opencv/blob/73a26a423163d0284a41e997717b00933978b256/modules/imgcodecs/src/rgbe.cpp,True
libandfix.so,170,https://github.com/alibaba/AndFix/blob/0351a4bc38a7d30bc61a6d3e74777d4eff4ad5e9/jni/andfix.cpp,True
libfilament-jni.so,170,https://github.com/google/filament/blob/ac4a2a85542c856073a81a77fc183621ce39fb23/android/common/JniUtils.cpp,True
libreact_devsupportjni.so,169,https://github.com/facebook/react-native/blob/HEAD/packages/react-native/ReactAndroid/src/main/jni/react/devsupport/OnLoad.cpp,True
libreact_featureflags.so,169,https://github.com/facebook/react-native/blob/HEAD/packages/react-native/ReactCommon/react/featureflags/ReactNativeFeatureFlags.cpp,True
libreact_featureflagsjni.so,169,https://github.com/facebook/react-native/blob/HEAD/packages/react-native/ReactAndroid/src/main/jni/react/featureflags/OnLoad.cpp,True
libmobileffmpeg_armv7a_neon.so,166,https://github.com/tanersener/mobile-ffmpeg/blob/7a9c62f5563bff68da43d07e3286b5d8db50d53f/android/app/src/main/cpp/mobileffmpeg.c,True
libhermes-executor-common-debug.so,164,https://github.com/facebook/react-native/blob/2642fe185f9282ef6e39619617671068f9696008/ReactCommon/hermes/executor/HermesExecutorFactory.cpp,True
libtquic.so,159,https://github.com/Tencent/tquic/blob/938e90adb460b5ff08b2bc6d11a3e1ba52c27a8d/src/lib.rs,True
libwebpimage.so,157,https://github.com/facebook/fresco/blob/c16e820d083693cb43cac95c6cc52d9e024cd37c/imagepipeline/src/main/jni/webpimage/webp.cpp,True
libmupdf_java.so,154,https://github.com/ArtifexSoftware/mupdf/blob/b93c688904edeacc2fb7f8c39d2e8cbba2bbe72f/platform/java/mupdf_native.c,True
libkoom-java.so,153,https://github.com/KwaiAppTeam/KOOM/blob/df3b8c33f63ab1f23e814c19792314efb653deaf/koom-java-leak/src/main/cpp/native_bridge.cpp,False
libgdx.so,149,https://github.com/libgdx/libgdx/blob/c941e9bc85450d9939a7dc3598a2ff35ba6d60a2/gdx/jni/gdx2d/gdx2d.c,True
libtensorflowlite_c.so,146,https://github.com/tensorflow/tensorflow/blob/2cd0c5b52c738eaf05fe18866b9da090fa3fea87/tensorflow/lite/delegates/gpu/api.cc,True
libMNN_Express.so,142,https://github.com/alibaba/MNN/blob/2c3f5b21a223734e5db7da4ef7b492bc02cafcf5/express/Expr.cpp,True
libquickjs-android.so,140,https://github.com/taoweiji/quickjs-android/blob/fadb5b52f2ea988420b4d8dfae589ab55d66b911/quickjs-android/src/main/cpp/quickjs-jni.cpp,True
libreactconfig.so,131,https://github.com/facebook/react-native/blob/2642fe185f9282ef6e39619617671068f9696008/ReactCommon/react/config/ReactNativeConfig.cpp,True
librrc_modal.so,131,https://github.com/facebook/react-native/blob/HEAD/packages/react-native/ReactCommon/react/renderer/components/modal/ModalHostViewState.cpp,True
librrc_progressbar.so,131,https://github.com/facebook/react-native/blob/HEAD/packages/react-native/ReactCommon/react/renderer/components/progressbar/android/react/renderer/components/progressbar/AndroidProgressBarShadowNode.cpp,True
librrc_slider.so,131,https://github.com/facebook/react-native/blob/b0a27d2b4b9f474deaf3835c9a1b9af200dd9f79/ReactCommon/react/renderer/components/slider/SliderState.cpp,True
librrc_switch.so,131,https://github.com/facebook/react-native/blob/HEAD/packages/react-native/ReactCommon/react/renderer/components/switch/androidswitch/react/renderer/components/androidswitch/AndroidSwitchShadowNode.cpp,True
libandfix_x86.so,127,https://github.com/alibaba/AndFix/blob/0351a4bc38a7d30bc61a6d3e74777d4eff4ad5e9/jni/andfix.cpp,False
libreact_cxxreactpackage.so,127,https://github.com/facebook/react-native/blob/HEAD/packages/react-native/ReactAndroid/src/main/jni/react/runtime/cxxreactpackage/ReactCommon/CxxReactPackage.h,True
libsrt.so,122,https://github.com/Haivision/srt/blob/d913a88bf5612f62c80d586e5e6c2ab62073d204/cmake_object_lib_support.c,True
libquickjs.so,121,https://github.com/taoweiji/quickjs-android/blob/fadb5b52f2ea988420b4d8dfae589ab55d66b911/quickjs-android/src/main/cpp/quickjs/quickjs/quickjs.c,True
libmpv.so,120,https://github.com/mpv-player/mpv/blob/36abaa32d00a7229ee206aae12dc0e97e7962dca/player/client.c,True
libmarsstn.so,118,https://github.com/Tencent/mars/blob/HEAD/mars/libraries/mars_android_sdk/jni/import.cc,True
libtquic_jni.so,112,https://github.com/Tencent/tquic/blob/938e90adb460b5ff08b2bc6d11a3e1ba52c27a8d/src/lib.rs,False
libzstd.so,111,https://github.com/facebook/zstd/blob/49cf51799ea051457f57243527aa2058f999f005/lib/decompress/zstd_decompress.c,True
libtiff.so,109,https://gitlab.com/libtiff/libtiff/-/raw/master/libtiff/tif_open.c,True
libshadowhook_nothing.so,107,https://github.com/bytedance/android-inline-hook/blob/593f491be68799f03ee3bab71ce5908846437147/shadowhook/src/main/cpp/nothing/sh_nothing.c,True
libvlcjni.so,105,https://github.com/videolan/vlc-android/blob/2.0.0/libvlc/jni/libvlcjni.c,True
libmbedcrypto.so,101,https://github.com/Mbed-TLS/mbedtls/blob/v2.28.9/library/aes.c,True
libmbedx509.so,101,https://github.com/Mbed-TLS/mbedtls/blob/de23569aa95ac518e1c794236219dcb04fca4ae5/library/x509.c,True
libpdfiumandroid.so,101,https://github.com/johngray1965/PdfiumAndroidKt/blob/5c4f4fe08d408a8803418f8c6f3fb96770bdc400/pdfiumandroid/core/src/main/cpp/pdfiumandroid.cpp,True
libx264.so,101,https://code.videolan.org/videolan/x264/-/raw/master/encoder/encoder.c,True
libvlc.so,98,https://github.com/videolan/vlc/blob/f77762543bdd0646fd88ed28cb27ccf24081cb84/lib/log.c,True
libexpo-av.so,95,https://github.com/expo/expo/blob/sdk-51/packages/expo-av/android/src/main/cpp/EXAV.cpp,True
libncnn.so,95,https://github.com/Tencent/ncnn/blob/bbaca40c35ce39f635c947e564710dae42fba142/src/net.cpp,True
libpdfium.so,95,https://pdfium.googlesource.com/pdfium/+/refs/heads/main/core/fpdfapi/parser/cpdf_parser.cpp,True
libbsdiff.so,94,https://github.com/mendsley/bsdiff/blob/b817e9491cf7b8699c8462ef9e2657ca4ccd7667/bsdiff.c,True
libtensorflowlite.so,92,https://github.com/tensorflow/tensorflow/blob/2cd0c5b52c738eaf05fe18866b9da090fa3fea87/tensorflow/lite/core/interpreter.cc,True
librive_text.so,90,https://pub.dev/api/archives/rive_common-0.4.15.tar.gz,True
libgltfio-jni.so,88,https://github.com/google/filament/blob/ac4a2a85542c856073a81a77fc183621ce39fb23/android/common/NioUtils.cpp,True
libopencv_world.so,88,https://github.com/opencv/opencv/blob/73a26a423163d0284a41e997717b00933978b256/modules/world/src/world_init.cpp,True
liblept.so,87,https://github.com/DanBloomberg/leptonica/blob/8ad618f103972eed12f195499b92cff1ab37067b/src/pix1.c,True
liboboe.so,87,https://github.com/google/oboe/blob/4468344c8fdfdd7df068d5abefe2d8615fd6b431/src/common/Trace.cpp,True
libtess.so,87,https://github.com/rmtheis/tess-two/blob/ab4cab1bd9794aacb74162aff339daa921a68c3f/tess-two/jni/com_googlecode_tesseract_android/tessbaseapi.cpp,True
libfilament-utils-jni.so,86,https://github.com/google/filament/blob/ac4a2a85542c856073a81a77fc183621ce39fb23/android/common/NioUtils.cpp,True
librnskia.so,78,https://github.com/Shopify/react-native-skia/blob/b7d3a64aa97fbda3bfcb2b9a4ca22cbce0e2a5b8/packages/skia/android/cpp/jni/JniSkiaManager.cpp,True
libxlua.so,76,https://github.com/Tencent/xLua/blob/59bf42685dbe36fe0e1678a6ba8597f859ef7ca3/build/xlua.c,True
libSoundTouch.so,74,https://codeberg.org/soundtouch/soundtouch/raw/branch/master/source/SoundTouch/SoundTouch.cpp,False
libgdx-box2d.so,74,https://github.com/libgdx/libgdx/blob/c941e9bc85450d9939a7dc3598a2ff35ba6d60a2/extensions/gdx-box2d/gdx-box2d/jni/Box2D/Collision/b2Collision.cpp,True
libisar.so,72,https://github.com/isar/isar/blob/713001bf1615ea15460d9bc8d3fb9c8cb4150a2e/packages/isar_core_ffi/src/lib.rs,True
liblz4-lib.so,72,https://github.com/lz4/lz4/blob/403ddce05784bd30aa41988ac9a5bbf736d96764/lib/lz4.c,False
libjpeg-turbo.so,71,https://github.com/libjpeg-turbo/libjpeg-turbo/blob/43ea809765004508d8da72ebe562cf570c6a62b2/src/jdapimin.c,False
libonnxruntime4j_jni.so,67,https://github.com/microsoft/onnxruntime/blob/0c45e0dc8e85c10e835b6347e2bdd56f02c6406e/java/src/main/native/ai_onnxruntime_OrtSession.c,True
libjserrorhandler.so,66,https://github.com/facebook/react-native/blob/HEAD/packages/react-native/ReactCommon/jserrorhandler/ErrorUtils.cpp,True
libxquic.so,65,https://github.com/alibaba/xquic/blob/75243de9b92ace63d83866a40783e9790f35bf35/src/tls/xqc_tls.c,True
libprotobuf.so,64,https://github.com/protocolbuffers/protobuf/blob/cefb2a661dadbb96b50b7b92fe29a466ddd3a2e2/src/google/protobuf/message.cc,True
liblynx.so,63,https://github.com/lynx-family/lynx/blob/dc91e0363541acd607f637321890ceb463c4f9a7/core/renderer/utils/lynx_env.cc,True
libpl_droidsonroids_gif_surface.so,63,https://github.com/koral--/android-gif-drawable/blob/HEAD/android-gif-drawable/src/main/c/surface.c,False
librrc_native.so,63,https://github.com/facebook/react-native/blob/HEAD/packages/react-native/ReactCommon/react/renderer/componentregistry/native/NativeComponentRegistryBinding.cpp,True
libhpatchz.so,62,https://github.com/sisong/HDiffPatch/blob/3b9dca715ca492873bf2c49e22e5d5b7d2a78620/file_for_patch.c,True
libopusenc.so,61,https://github.com/xiph/libopusenc/blob/3c65f440baff6220872ec11b0cbde37ef7a48f78/src/random.c,True
libcocos2dx.so,60,https://github.com/cocos2d/cocos2d-x/blob/7a5282a301a13e467bdcc3466d3cd3883862aadf/cocos/base/CCDirector.cpp,False
libffmpeg-org.so,60,https://github.com/FFmpeg/FFmpeg/blob/10506de9ad1fb050737ef79cf4853742b793c37d/fftools/ffmpeg.c,False
liblame.so,60,https://github.com/naman14/TAndroidLame/blob/59616bf8f046623df23f58ecba4301e30a4baa4c/androidlame/src/main/jni/libmp3lame/lame.c,False
liblynx_v8_bridge.so,60,https://github.com/lynx-family/lynx/blob/dc91e0363541acd607f637321890ceb463c4f9a7/core/runtime/js/jsi/v8/v8_runtime.cc,True
libFFmpeg.so,58,https://github.com/FFmpeg/FFmpeg/blob/10506de9ad1fb050737ef79cf4853742b793c37d/fftools/ffmpeg.c,False
libev.so,53,https://dist.schmorp.de/libev/libev-4.33.tar.gz,True
libluajava.so,53,https://github.com/gudzpoz/luajava/blob/2a1e61d126aa6928d412338adba08df7a19a8803/jni/luajava/jua.cpp,False
libavresample.so,52,https://github.com/FFmpeg/FFmpeg/blob/10506de9ad1fb050737ef79cf4853742b793c37d/libavresample/utils.c,True
liblynxtrace.so,52,https://github.com/lynx-family/lynx/blob/dc91e0363541acd607f637321890ceb463c4f9a7/core/renderer/utils/lynx_env.cc,False
libmpg123.so,51,https://www.mpg123.de/download/mpg123-1.32.9.tar.bz2,True
libgdx-freetype.so,48,https://github.com/libgdx/libgdx/blob/c941e9bc85450d9939a7dc3598a2ff35ba6d60a2/extensions/gdx-freetype/src/com/badlogic/gdx/graphics/g2d/freetype/FreeType.java,True
libhdiffpatch.so,48,https://github.com/sisong/HDiffPatch/blob/3b9dca715ca492873bf2c49e22e5d5b7d2a78620/libHDiffPatch/HPatch/patch.c,False
libspeexdsp.so,46,https://github.com/xiph/speexdsp/blob/7a158783df74efe7c2d1c6ee8363c1e695c71226/libspeexdsp/mdf.c,True
libxhook.so,46,https://github.com/iqiyi/xHook/blob/391d0c4103626bf39d54a1d9c7a10965c82ff8d2/libxhook/jni/xhook.c,True
libbctoolbox.so,45,https://github.com/BelledonneCommunications/bctoolbox/blob/556a46fc77ee27d22554bb7d1b01ed93e1bf5c21/src/parser.c,True
libdwebp.so,45,https://github.com/webmproject/libwebp/blob/7073d86ced421fee654eeb84c5255ed88e1ebffa/imageio/wicdec.c,True
libfaac.so,45,https://github.com/knik0/faac/blob/01df1d892712d1f6aba5e0f6a55673f8d31dbb8a/libfaac/frame.c,True
libfaad.so,45,https://github.com/knik0/faad2/blob/521d105979795b887ea11e1f36565e97a8fbfc53/frontend/main.c,True
liblynx_krypton.so,45,https://github.com/lynx-family/lynx/blob/dc91e0363541acd607f637321890ceb463c4f9a7/core/renderer/utils/lynx_env.cc,False
libmad.so,45,https://downloads.sourceforge.net/project/mad/libmad/0.15.1b/libmad-0.15.1b.tar.gz,True
libortp.so,45,https://github.com/BelledonneCommunications/ortp/blob/921abef1f96bd65907b05599b361bd484d7b563b/src/nack.c,True
libtflite-android.so,45,https://github.com/tensorflow/tensorflow/blob/2cd0c5b52c738eaf05fe18866b9da090fa3fea87/tensorflow/lite/core/interpreter.cc,False
libhippy.so,44,https://github.com/Tencent/Hippy/blob/b0a8f6761a83eaccc9cbde1662a1a8e463995140/framework/android/src/main/cpp/src/entry.cc,True
liblinphone.so,44,https://github.com/BelledonneCommunications/liblinphone/blob/9896e6c9bcc12019a227af3a123d7bb781bae383/src/sal/op.cpp,True
libmupdf.so,44,https://github.com/ArtifexSoftware/mupdf/blob/b93c688904edeacc2fb7f8c39d2e8cbba2bbe72f/source/fitz/document.c,True
libpjsua2.so,44,https://github.com/pjsip/pjproject/blob/98f3145e5f74e94bbeeb98ffc130d998477d731c/pjsip/src/pjsua2/json.cpp,True
libpytorch_vision_jni.so,43,https://github.com/pytorch/pytorch/blob/19256a69e0d509cf7f2e311c789930fd15b8cb15/android/pytorch_android_torchvision/src/main/cpp/pytorch_vision_jni.cpp,True
libvorbis.so,43,https://github.com/xiph/vorbis/blob/1b75110b5a2754ba1931d82dd83cb822b266a21d/lib/psy.c,True
libreact_nativemodule_defaults.so,41,https://github.com/facebook/react-native/blob/HEAD/packages/react-native/ReactCommon/react/nativemodule/defaults/DefaultTurboModules.cpp,True
libreact_nativemodule_dom.so,41,https://github.com/facebook/react-native/blob/HEAD/packages/react-native/ReactCommon/react/nativemodule/dom/NativeDOM.cpp,True
libreact_nativemodule_featureflags.so,41,https://github.com/facebook/react-native/blob/HEAD/packages/react-native/ReactCommon/react/nativemodule/featureflags/NativeReactNativeFeatureFlags.cpp,True
libreact_nativemodule_microtasks.so,41,https://github.com/facebook/react-native/blob/HEAD/packages/react-native/ReactCommon/react/nativemodule/microtasks/NativeMicrotasks.cpp,True
libreact_performance_timeline.so,41,https://github.com/facebook/react-native/blob/HEAD/packages/react-native/ReactCommon/react/performance/timeline/PerformanceObserver.cpp,True
libreact_render_consistency.so,41,https://github.com/facebook/react-native/blob/HEAD/packages/react-native/ReactCommon/react/renderer/consistency/ShadowTreeRevisionConsistencyManager.cpp,True
libreact_render_observers_events.so,41,https://github.com/facebook/react-native/blob/HEAD/packages/react-native/ReactCommon/react/renderer/observers/events/EventPerformanceLogger.cpp,True
libreact_render_uimanager_consistency.so,41,https://github.com/facebook/react-native/blob/HEAD/packages/react-native/ReactCommon/react/renderer/uimanager/consistency/LazyShadowTreeRevisionConsistencyManager.cpp,True
librnworklets.so,41,https://github.com/margelo/react-native-worklets-core/blob/0ea116fbc747456667d6e7f93786188fc32e1559/android/cpp-adapter.cpp,True
libpaddle_lite_jni.so,40,https://github.com/PaddlePaddle/Paddle-Lite/blob/8c07d68f8508b722b903f366dc6a84efb2e086ef/lite/api/android/jni/native/tensor_jni.cc,True
libuv.so,39,https://github.com/libuv/libuv/blob/eb497c582f5c0887add4d4658c7801e4ef412e10/src/idna.c,True
librive-android.so,38,https://github.com/rive-app/rive-android/blob/0ed332d0e3b25f85159610a51c13ae56d3e2825b/kotlin/src/main/cpp/src/jni_refs.cpp,True
libstretch.so,37,https://github.com/vislyhq/stretch/blob/6879b9a1cf3c244430bbf8b88bf205c614d72562/bindings/kotlin/stretch/src/main/rust/src/lib.rs,True
libzstd-jni-decompress.so,37,https://github.com/luben/zstd-jni/blob/93f3e0f79fc8469a48ba07a0a08ec6b94e6deb6d/src/main/native/jni_bufferdecompress_zstd.c,False
libcamerax_core_opengl_renderer_jni.so,36,https://github.com/androidx/androidx/blob/5a78d14b1d24594e5f032ea40537295c71f21a3e/camera/integration-tests/coretestapp/src/main/cpp/opengl_renderer_jni.cpp,False
libfluidsynth.so,36,https://github.com/FluidSynth/fluidsynth/blob/ae31c51454c4d2bab98c9d8ce65e9a5eafcf741c/src/midi/fluid_seq.c,True
libpine.so,36,https://github.com/canyie/pine/blob/216d910f18b18430a5d21c510affb221a9833a55/core/src/main/cpp/pine.cpp,True
libLZO.so,35,https://www.oberhumer.com/opensource/lzo/download/lzo-2.10.tar.gz,False
libMNNOpenCV.so,35,https://github.com/alibaba/MNN/blob/2c3f5b21a223734e5db7da4ef7b492bc02cafcf5/tools/cv/source/core/core.cpp,True
libMNN_Vulkan.so,35,https://github.com/alibaba/MNN/blob/2c3f5b21a223734e5db7da4ef7b492bc02cafcf5/source/backend/vulkan/image/backend/VulkanBackend.cpp,True
libhardcoder.so,35,https://github.com/Tencent/Hardcoder/blob/db2d61235182ba612f193901e4ebe968084008b8/libapp2sys/src/main/cpp/com_tencent_mm_hardcoder_HardCoderJNI.cpp,True
librrc_picker.so,35,https://github.com/facebook/react-native/blob/2642fe185f9282ef6e39619617671068f9696008/ReactCommon/react/renderer/components/picker/androidpicker/react/renderer/components/androidpicker/AndroidDialogPickerProps.cpp,True
librtmp.so,35,https://github.com/mirror/rtmpdump/blob/6f6bb1353fc84f4cc37138baa99f586750028a01/librtmp/rtmp.c,True
libanimated-webp.so,34,https://github.com/webmproject/libwebp/blob/7073d86ced421fee654eeb84c5255ed88e1ebffa/src/demux/anim_decode.c,False
libwhisper.so,34,https://github.com/ggml-org/whisper.cpp/blob/d1be6fde11ac6e0407606b4e42fe72d34add8037/src/whisper.cpp,True
libfftw3.so,33,https://github.com/FFTW/fftw3/blob/93ed4c786934aec9946f8dda4b4e3eb08f8be41c/api/execute.c,True
libkoom-thread.so,33,https://github.com/KwaiAppTeam/KOOM/blob/df3b8c33f63ab1f23e814c19792314efb653deaf/koom-common/kwai-android-base/src/main/cpp/cmsg.cpp,True
libares.so,32,https://github.com/c-ares/c-ares/blob/f4156c12c8b36f5cb8f8a53658d44b24263c6ad1/src/lib/ares_init.c,True
libcrashpad_handler.so,32,https://github.com/chromium/crashpad/blob/677b9e33a269d8ddcf6ad21344e43f6caec4786f/handler/handler_main.cc,True
libduktape.so,32,https://github.com/svaarala/duktape/blob/3afa016bbe6eb13418fba6eaca003c660bc4c241/src-input/duk_api_call.c,True
libmediastreamer.so,32,https://github.com/BelledonneCommunications/mediastreamer2/blob/62d456a13813f0628326de7038f25c9dbd873b5e/src/base/msfilter.c,False
libopenjpeg.so,32,https://github.com/uclouvain/openjpeg/blob/8314119b067c0fc77834731168daaebd379fdb12/src/lib/openjp2/openjpeg.c,True
libsherpa-onnx-jni.so,32,https://github.com/k2-fsa/sherpa-onnx/blob/99ddefaa92129858b80a71a426903dd4215c83fa/sherpa-onnx/jni/jni.cc,True
libbreakpad.so,31,https://github.com/google/breakpad/blob/6598c9c33fc02da7805401f3b0f1a733e6a24071/src/processor/minidump.cc,True
libepic.so,31,https://github.com/tiann/epic/blob/c67d0d3e3769c19119465784a579c659dd88c4ce/library/src/main/cpp/art.cpp,True
libminilzo.so,31,https://www.oberhumer.com/opensource/lzo/download/lzo-2.10.tar.gz,True
librealmreact.so,31,https://github.com/realm/realm-js/blob/fcadf9d2b0c3d6bf6662ecd6810022dd3ddd3837/src/android/jni_utils.cpp,False
libbreakpad_client.so,30,https://github.com/google/breakpad/blob/6598c9c33fc02da7805401f3b0f1a733e6a24071/src/client/linux/handler/exception_handler.cc,True
libcocos.so,30,https://github.com/cocos2d/cocos2d-x/blob/7a5282a301a13e467bdcc3466d3cd3883862aadf/cocos/base/CCDirector.cpp,False
libpytorch_jni.so,30,https://github.com/pytorch/pytorch/blob/19256a69e0d509cf7f2e311c789930fd15b8cb15/android/pytorch_android/src/main/cpp/pytorch_jni_jit.cpp,True
libsndfile.so,30,https://github.com/libsndfile/libsndfile/blob/b9103bd48b6c8fb517ae737fe3baee0c718b804c/src/xi.c,True
libsonic.so,30,https://github.com/waywardgeek/sonic/blob/b93885dcb70aae50c6f76b0fe4e0868f029a077e/sonic.c,True
libvorbisenc.so,30,https://github.com/xiph/vorbis/blob/1b75110b5a2754ba1931d82dd83cb822b266a21d/lib/vorbisenc.c,True
libbrotli.so,29,https://github.com/google/brotli/blob/392b261debb0f478811ddacb98b118da36b06158/c/tools/brotli.c,True
libcjson.so,29,https://github.com/DaveGamble/cJSON/blob/6d9f2443ab071f86e5d9b43025a40929ec41c46c/cJSON.c,True
libessentia.so,29,https://github.com/MTG/essentia/blob/53625f67d46865d25a49f09baae4b4dde9ffdfed/src/essentia/essentia.cpp,True
libjsoncpp.so,29,https://github.com/open-source-parsers/jsoncpp/blob/3347a4b86bb914cb565f0cbda19c06e109513300/src/lib_json/json_value.cpp,True
liblua.so,29,https://github.com/lua/lua/blob/0b29f408433e92953cc72b1d3e06c7ac8139e439/lapi.c,True
libJavaScriptCore.so,28,https://github.com/WebKit/WebKit/blob/HEAD/Source/JavaScriptCore/API/JSContextRef.cpp,True
libcrypto.1.0.0.so,28,https://github.com/openssl/openssl/blob/OpenSSL_1_0_2u/crypto/evp/evp_enc.c,True
libgpupixel.so,28,https://github.com/pixpark/gpupixel/blob/ef552bf8ce2d0d41fa9b979bfb5c7cf79374ca88/src/sink/sink.cc,True
libssl.1.0.0.so,27,https://github.com/openssl/openssl/blob/OpenSSL_1_0_2u/ssl/ssl_lib.c,True
libpng.so,24,https://github.com/pnggroup/libpng/blob/18ea3e9404a09f42d92f952a4c0d1dd3d688182a/png.c,True
libWCDB.so,22,https://github.com/Tencent/wcdb/blob/17ebdcbb0a6d610432ea0106718a40676506b0a3/src/cpp/core/Table.cpp,True
libhermes-compile.so,16,https://github.com/facebook/hermes/blob/HEAD/API/hermes/hermes.cpp,False
libLameMp3.so,15,https://github.com/naman14/TAndroidLame/blob/59616bf8f046623df23f58ecba4301e30a4baa4c/androidlame/src/main/jni/libmp3lame/lame.c,False
libpng16.so,15,https://github.com/pnggroup/libpng/blob/18ea3e9404a09f42d92f952a4c0d1dd3d688182a/pngread.c,True
libPNG.so,12,https://github.com/pnggroup/libpng/blob/18ea3e9404a09f42d92f952a4c0d1dd3d688182a/pngread.c,False
libopencv_highgui.so,11,https://github.com/opencv/opencv/blob/73a26a423163d0284a41e997717b00933978b256/modules/highgui/src/window.cpp,True
libopencv_java.so,11,https://github.com/opencv/opencv/blob/2.4.13.7/modules/java/generator/src/cpp/Mat.cpp,True
libopencv_calib3d.so,10,https://github.com/opencv/opencv/blob/b0dc474160e389b9c9045da5db49d03ae17c6a6b/modules/calib3d/src/calibration.cpp,True
libopencv_features2d.so,10,https://github.com/opencv/opencv/blob/b0dc474160e389b9c9045da5db49d03ae17c6a6b/modules/features2d/src/keypoint.cpp,True
libopencv_flann.so,10,https://github.com/opencv/opencv/blob/73a26a423163d0284a41e997717b00933978b256/modules/flann/src/flann.cpp,True
libopencv_video.so,10,https://github.com/opencv/opencv/blob/73a26a423163d0284a41e997717b00933978b256/modules/video/src/ecc.cpp,True
libopencv_videoio.so,9,https://github.com/opencv/opencv/blob/73a26a423163d0284a41e997717b00933978b256/modules/videoio/src/cap.cpp,True
libYUV.so,8,https://chromium.googlesource.com/libyuv/libyuv/+/refs/heads/main/source/convert.cc,False
libtensorflowLite.so,8,https://github.com/tensorflow/tensorflow/blob/2cd0c5b52c738eaf05fe18866b9da090fa3fea87/tensorflow/lite/core/interpreter.cc,False
libreact_mr2.so,7,,False
libreact_ocr.so,7,,False
libreact_time.so,7,,False
libBreakpad.so,6,https://github.com/google/breakpad/blob/6598c9c33fc02da7805401f3b0f1a733e6a24071/src/client/linux/handler/exception_handler.cc,False
libMediaStreamer.so,6,https://github.com/BelledonneCommunications/mediastreamer2/blob/62d456a13813f0628326de7038f25c9dbd873b5e/src/base/msfilter.c,False
libMpg123.so,6,https://www.mpg123.de/download/mpg123-1.32.9.tar.bz2,False
libopencv_dnn.so,6,https://github.com/opencv/opencv/blob/73a26a423163d0284a41e997717b00933978b256/modules/dnn/src/dnn.cpp,True
libopencv_objdetect.so,6,https://github.com/opencv/opencv/blob/73a26a423163d0284a41e997717b00933978b256/modules/objdetect/src/main.cpp,True
libopencv_photo.so,6,https://github.com/opencv/opencv/blob/73a26a423163d0284a41e997717b00933978b256/modules/photo/src/npr.cpp,True
libPdfium.so,5,https://pdfium.googlesource.com/pdfium/+/refs/heads/main/core/fpdfapi/parser/cpdf_parser.cpp,False
libbsPatch.so,5,https://github.com/mendsley/bsdiff/blob/b817e9491cf7b8699c8462ef9e2657ca4ccd7667/bspatch.c,False
libreact_sign_lib.so,5,,False
libQt5Core.so,4,https://github.com/qt/qtbase/blob/40143c189b7c1bf3c2058b77d00ea5c4e3be8b28/src/corelib/io/qurl.cpp,True
libQt5Network.so,4,https://github.com/qt/qtbase/blob/40143c189b7c1bf3c2058b77d00ea5c4e3be8b28/src/network/ssl/qssl.cpp,True
libBsPatch.so,3,https://github.com/mendsley/bsdiff/blob/b817e9491cf7b8699c8462ef9e2657ca4ccd7667/bspatch.c,False
libSpeex.so,3,https://github.com/xiph/speex/blob/05895229896dc942d453446eba6f9f5ddcf95422/libspeex/speex.c,False
libYuv.so,3,https://chromium.googlesource.com/libyuv/libyuv/+/refs/heads/main/source/convert.cc,False
libcJSON.so,3,https://github.com/DaveGamble/cJSON/blob/6d9f2443ab071f86e5d9b43025a40929ec41c46c/cJSON.c,True
libopencv_java342.so,3,https://github.com/opencv/opencv/blob/3.4.2/modules/java/generator/src/cpp/Mat.cpp,True
libBspatch.so,2,https://github.com/mendsley/bsdiff/blob/b817e9491cf7b8699c8462ef9e2657ca4ccd7667/bspatch.c,False
libFFMPEG.so,2,https://github.com/FFmpeg/FFmpeg/blob/10506de9ad1fb050737ef79cf4853742b793c37d/fftools/ffmpeg.c,False
libHDiffPatch.so,2,https://github.com/sisong/HDiffPatch/blob/3b9dca715ca492873bf2c49e22e5d5b7d2a78620/libHDiffPatch/HPatch/patch.c,False
libMinilzo.so,2,https://www.oberhumer.com/opensource/lzo/download/lzo-2.10.tar.gz,False
libQt5Concurrent.so,2,https://github.com/qt/qtbase/blob/40143c189b7c1bf3c2058b77d00ea5c4e3be8b28/src/concurrent/qtconcurrentmap.cpp,True
libQt5Gui.so,2,https://github.com/qt/qtbase/blob/40143c189b7c1bf3c2058b77d00ea5c4e3be8b28/src/gui/rhi/qrhi.cpp,True
libXquic.so,2,https://github.com/alibaba/xquic/blob/75243de9b92ace63d83866a40783e9790f35bf35/src/transport/xqc_engine.c,False
libhermes-runtime.so,2,https://github.com/facebook/hermes/blob/HEAD/API/hermes/hermes.cpp,False
liblz4.so,2,https://github.com/lz4/lz4/blob/403ddce05784bd30aa41988ac9a5bbf736d96764/lib/lz4.c,True
liblzo.so,2,https://www.oberhumer.com/opensource/lzo/download/lzo-2.10.tar.gz,True
libmmkv_utils.so,2,https://github.com/Tencent/MMKV/blob/HEAD/Core/MMKV.cpp,False
libopencv_java460.so,2,https://github.com/opencv/opencv/blob/b0dc474160e389b9c9045da5db49d03ae17c6a6b/modules/java/generator/src/cpp/Mat.cpp,True
libqml_QtQuick_Layouts_qquicklayoutsplugin_arm64-v8a.so,2,https://github.com/qt/qtdeclarative/blob/104eae5b17b0ec700391e9539ee3a4f638588194/src/imports/layouts/plugin.cpp,True
libreact_render_element.so,2,,False
libsoundTouch.so,2,https://codeberg.org/soundtouch/soundtouch/raw/branch/master/source/SoundTouch/SoundTouch.cpp,False
libAVCodec.so,1,https://github.com/FFmpeg/FFmpeg/blob/10506de9ad1fb050737ef79cf4853742b793c37d/libavcodec/decode.c,False
libCrypto.so,1,https://github.com/openssl/openssl/blob/HEAD/crypto/evp/evp_enc.c,False
libOboe.so,1,https://github.com/google/oboe/blob/4468344c8fdfdd7df068d5abefe2d8615fd6b431/src/common/AudioStreamBuilder.cpp,False
libQt5AndroidExtras_arm64-v8a.so,1,https://github.com/qt/qtandroidextras/blob/505be55243ba1600f62f47f9be3011a717841096/src/androidextras/android/qjnionload.cpp,True
libQt5Bluetooth_arm64-v8a.so,1,https://github.com/qt/qtconnectivity/blob/ca6cc606d9fc0947ea6c27738a1ca8f12f3258ea/src/bluetooth/qbluetooth.cpp,True
libQt5Concurrent_arm64-v8a.so,1,https://github.com/qt/qtbase/blob/40143c189b7c1bf3c2058b77d00ea5c4e3be8b28/src/concurrent/qtconcurrentmap.cpp,True
libQt5Core_arm64-v8a.so,1,https://github.com/qt/qtbase/blob/40143c189b7c1bf3c2058b77d00ea5c4e3be8b28/src/corelib/io/qurl.cpp,True
libQt5Gui_arm64-v8a.so,1,https://github.com/qt/qtbase/blob/40143c189b7c1bf3c2058b77d00ea5c4e3be8b28/src/gui/rhi/qrhi.cpp,True
libQt5Network_arm64-v8a.so,1,https://github.com/qt/qtbase/blob/40143c189b7c1bf3c2058b77d00ea5c4e3be8b28/src/network/ssl/qssl.cpp,True
libQt5QmlModels_arm64-v8a.so,1,https://github.com/qt/qtdeclarative/blob/104eae5b17b0ec700391e9539ee3a4f638588194/src/qmlmodels/qquickpackage.cpp,True
libQt5QmlWorkerScript_arm64-v8a.so,1,https://github.com/qt/qtdeclarative/blob/104eae5b17b0ec700391e9539ee3a4f638588194/src/qmlworkerscript/qv4serialize.cpp,True
libQt5Qml_arm64-v8a.so,1,https://github.com/qt/qtdeclarative/blob/104eae5b17b0ec700391e9539ee3a4f638588194/src/qml/qml/qqml.cpp,True
libQt5QuickControls2_arm64-v8a.so,1,https://github.com/qt/qtquickcontrols2/blob/16f27dfa3588c2bf377568ce00bf534af48c9558/src/quickcontrols2/qquickstyle.cpp,True
libQt5QuickTemplates2_arm64-v8a.so,1,https://github.com/qt/qtquickcontrols2/blob/16f27dfa3588c2bf377568ce00bf534af48c9558/src/quicktemplates2/qquickmenu.cpp,True
libQt5Quick_arm64-v8a.so,1,https://github.com/qt/qtdeclarative/blob/104eae5b17b0ec700391e9539ee3a4f638588194/src/quick/qtquick2.cpp,True
libQt5Widgets_arm64-v8a.so,1,https://github.com/qt/qtbase/blob/40143c189b7c1bf3c2058b77d00ea5c4e3be8b28/src/widgets/styles/qstyle.cpp,True
libQt6Core_arm64-v8a.so,1,https://github.com/qt/qtbase/blob/b839e9b36db3a4e50dfb34521d8ef8de1fd01969/src/corelib/io/qurl.cpp,True
libQt6Gui_arm64-v8a.so,1,https://github.com/qt/qtbase/blob/b839e9b36db3a4e50dfb34521d8ef8de1fd01969/src/gui/kernel/qguiapplication.cpp,True
libQt6LabsFolderListModel_arm64-v8a.so,1,https://github.com/qt/qtdeclarative/blob/2884c601242f030307a5acdca984b3aa0d34e064/src/labs/folderlistmodel/fileinfothread.cpp,True
libQt6LabsSettings_arm64-v8a.so,1,https://github.com/qt/qtdeclarative/blob/2884c601242f030307a5acdca984b3aa0d34e064/src/labs/settings/qqmlsettings.cpp,True
libQt6Network_arm64-v8a.so,1,https://github.com/qt/qtbase/blob/b839e9b36db3a4e50dfb34521d8ef8de1fd01969/src/network/ssl/qssl.cpp,True
libQt6OpenGL_arm64-v8a.so,1,https://github.com/qt/qtbase/blob/b839e9b36db3a4e50dfb34521d8ef8de1fd01969/src/opengl/qopengldebug.cpp,True
libQt6QmlCore_arm64-v8a.so,1,https://github.com/qt/qtdeclarative/blob/2884c601242f030307a5acdca984b3aa0d34e064/src/core/qqmlstandardpaths.cpp,True
libQt6QmlModels_arm64-v8a.so,1,https://github.com/qt/qtdeclarative/blob/2884c601242f030307a5acdca984b3aa0d34e064/src/qmlmodels/qqmlchangeset.cpp,True
libQt6QmlWorkerScript_arm64-v8a.so,1,https://github.com/qt/qtdeclarative/blob/2884c601242f030307a5acdca984b3aa0d34e064/src/qmlworkerscript/qv4serialize.cpp,True
libQt6Qml_arm64-v8a.so,1,https://github.com/qt/qtdeclarative/blob/2884c601242f030307a5acdca984b3aa0d34e064/src/qml/qml/qqml.cpp,True
libQt6Quick3DUtils_arm64-v8a.so,1,https://github.com/qt/qtquick3d/blob/517d2aebc7bc791e4b45288e8a7422481481ead7/src/utils/qssgutils.cpp,True
libQt6QuickControls2BasicStyleImpl_arm64-v8a.so,1,https://github.com/qt/qtdeclarative/blob/2884c601242f030307a5acdca984b3aa0d34e064/src/quickcontrols/basic/impl/qquickbasicdial.cpp,True
libQt6QuickControls2Basic_arm64-v8a.so,1,https://github.com/qt/qtdeclarative/blob/2884c601242f030307a5acdca984b3aa0d34e064/src/quickcontrols/basic/qquickbasicstyle.cpp,True
libQt6QuickControls2FusionStyleImpl_arm64-v8a.so,1,https://github.com/qt/qtdeclarative/blob/2884c601242f030307a5acdca984b3aa0d34e064/src/quickcontrols/fusion/impl/qquickfusiondial.cpp,True
libQt6QuickControls2Fusion_arm64-v8a.so,1,https://github.com/qt/qtdeclarative/blob/2884c601242f030307a5acdca984b3aa0d34e064/src/quickcontrols/fusion/qquickfusiontheme.cpp,True
libQt6QuickControls2ImagineStyleImpl_arm64-v8a.so,1,https://github.com/qt/qtdeclarative/blob/2884c601242f030307a5acdca984b3aa0d34e064/src/qml/Qt6QmlPluginTemplate.cpp.in,True
libQt6QuickControls2Imagine_arm64-v8a.so,1,https://github.com/qt/qtdeclarative/blob/2884c601242f030307a5acdca984b3aa0d34e064/src/quickcontrols/imagine/qquickimaginetheme.cpp,True
libQt6QuickControls2Impl_arm64-v8a.so,1,https://github.com/qt/qtdeclarative/blob/2884c601242f030307a5acdca984b3aa0d34e064/src/quickcontrolsimpl/qquickcolor.cpp,True
libQt6QuickControls2MaterialStyleImpl_arm64-v8a.so,1,https://github.com/qt/qtdeclarative/blob/2884c601242f030307a5acdca984b3aa0d34e064/src/quickcontrols/material/impl/qquickmaterialripple.cpp,True
libQt6QuickControls2Material_arm64-v8a.so,1,https://github.com/qt/qtdeclarative/blob/2884c601242f030307a5acdca984b3aa0d34e064/src/quickcontrols/material/qquickmaterialtheme.cpp,True
libQt6QuickControls2UniversalStyleImpl_arm64-v8a.so,1,https://github.com/qt/qtdeclarative/blob/2884c601242f030307a5acdca984b3aa0d34e064/src/quickcontrols/universal/impl/qquickuniversalprogressbar.cpp,True
libQt6QuickControls2Universal_arm64-v8a.so,1,https://github.com/qt/qtdeclarative/blob/2884c601242f030307a5acdca984b3aa0d34e064/src/quickcontrols/universal/qquickuniversaltheme.cpp,True
libQt6QuickControls2_arm64-v8a.so,1,https://github.com/qt/qtdeclarative/blob/2884c601242f030307a5acdca984b3aa0d34e064/src/quickcontrols/qquickstyle.cpp,True
libQt6QuickDialogs2QuickImpl_arm64-v8a.so,1,https://github.com/qt/qtdeclarative/blob/2884c601242f030307a5acdca984b3aa0d34e064/src/quickdialogs/quickdialogsquickimpl/qquickcolorinputs.cpp,True
libQt6QuickDialogs2Utils_arm64-v8a.so,1,https://github.com/qt/qtdeclarative/blob/2884c601242f030307a5acdca984b3aa0d34e064/src/quickdialogs/quickdialogsutils/qquickfilenamefilter.cpp,True
libQt6QuickDialogs2_arm64-v8a.so,1,https://github.com/qt/qtdeclarative/blob/2884c601242f030307a5acdca984b3aa0d34e064/src/quickdialogs/quickdialogs/qquickfiledialog.cpp,True
libQt6QuickLayouts_arm64-v8a.so,1,https://github.com/qt/qtdeclarative/blob/2884c601242f030307a5acdca984b3aa0d34e064/src/quicklayouts/qquicklayout.cpp,True
libQt6QuickShapes_arm64-v8a.so,1,https://github.com/qt/qtdeclarative/blob/2884c601242f030307a5acdca984b3aa0d34e064/src/quickshapes/qquickshape.cpp,True
libQt6QuickTemplates2_arm64-v8a.so,1,https://github.com/qt/qtdeclarative/blob/2884c601242f030307a5acdca984b3aa0d34e064/src/quicktemplates/qquickdial.cpp,True
libQt6Quick_arm64-v8a.so,1,https://github.com/qt/qtdeclarative/blob/2884c601242f030307a5acdca984b3aa0d34e064/src/quick/items/qquickitem.cpp,True
libQt6Svg_arm64-v8a.so,1,https://github.com/qt/qtsvg/blob/a96fa8e059b4e969bc79c57a7328e297df138434/src/svg/qsvgfont.cpp,True
libQt6WebViewQuick_arm64-v8a.so,1,https://github.com/qt/qtwebview/blob/bd6c4f044445520e9de781b79736285b2db9c55d/src/quick/qquickwebview.cpp,True
libQt6WebView_arm64-v8a.so,1,https://github.com/qt/qtwebview/blob/bd6c4f044445520e9de781b79736285b2db9c55d/src/webview/qwebview.cpp,True
libQt6Widgets_arm64-v8a.so,1,https://github.com/qt/qtbase/blob/b839e9b36db3a4e50dfb34521d8ef8de1fd01969/src/widgets/styles/qstyle.cpp,True
libSpeexDsp.so,1,https://github.com/xiph/speexdsp/blob/7a158783df74efe7c2d1c6ee8363c1e695c71226/libspeexdsp/resample.c,False
libdobby.so,1,https://github.com/jmpews/Dobby/blob/5dfc8546954ce3b3198132ab13fddb89ee92cdd7/source/dobby.cpp,True
libffmpegKit.so,1,https://github.com/arthenica/ffmpeg-kit/blob/HEAD/android/ffmpeg-kit-android-lib/src/main/cpp/ffmpegkit.c,False
libqml_QtCore_qtqmlcoreplugin_arm64-v8a.so,1,https://github.com/qt/qtdeclarative/blob/2884c601242f030307a5acdca984b3aa0d34e064/src/qml/Qt6QmlPluginTemplate.cpp.in,True
libqml_QtGraphicalEffects_private_qtgraphicaleffectsprivate_arm64-v8a.so,1,https://github.com/qt/qtgraphicaleffects/blob/66b7fbaca4b323dce337e87e3093c8836577c561/src/effects/private/plugin.cpp,True
libqml_QtGraphicalEffects_qtgraphicaleffectsplugin_arm64-v8a.so,1,https://github.com/qt/qtgraphicaleffects/blob/66b7fbaca4b323dce337e87e3093c8836577c561/src/effects/plugin.cpp,True
libqml_QtQml_Base_qmlplugin_arm64-v8a.so,1,https://github.com/qt/qtdeclarative/blob/104eae5b17b0ec700391e9539ee3a4f638588194/src/imports/qtqml/plugin.cpp,True
libqml_QtQml_Models_modelsplugin_arm64-v8a.so,1,https://github.com/qt/qtdeclarative/blob/104eae5b17b0ec700391e9539ee3a4f638588194/src/imports/models/plugin.cpp,True
libqml_QtQml_WorkerScript_workerscriptplugin_arm64-v8a.so,1,https://github.com/qt/qtdeclarative/blob/104eae5b17b0ec700391e9539ee3a4f638588194/src/imports/workerscript/plugin.cpp,True
libqml_QtQml_qmlmetaplugin_arm64-v8a.so,1,https://github.com/qt/qtdeclarative/blob/2884c601242f030307a5acdca984b3aa0d34e064/src/qml/Qt6QmlPluginTemplate.cpp.in,True
libqml_QtQuick.2_qtquick2plugin_arm64-v8a.so,1,https://github.com/qt/qtdeclarative/blob/104eae5b17b0ec700391e9539ee3a4f638588194/src/imports/qtquick2/plugin.cpp,True
libqml_QtQuick_Controls.2_Fusion_qtquickcontrols2fusionstyleplugin_arm64-v8a.so,1,https://github.com/qt/qtquickcontrols2/blob/16f27dfa3588c2bf377568ce00bf534af48c9558/src/imports/controls/fusion/qquickfusionknob.cpp,True
libqml_QtQuick_Controls.2_Imagine_qtquickcontrols2imaginestyleplugin_arm64-v8a.so,1,https://github.com/qt/qtquickcontrols2/blob/16f27dfa3588c2bf377568ce00bf534af48c9558/src/imports/controls/imagine/qquickimaginestyle.cpp,True
libqml_QtQuick_Controls.2_Material_qtquickcontrols2materialstyleplugin_arm64-v8a.so,1,https://github.com/qt/qtquickcontrols2/blob/16f27dfa3588c2bf377568ce00bf534af48c9558/src/imports/controls/material/qquickmaterialstyle.cpp,True
libqml_QtQuick_Controls.2_Universal_qtquickcontrols2universalstyleplugin_arm64-v8a.so,1,https://github.com/qt/qtquickcontrols2/blob/16f27dfa3588c2bf377568ce00bf534af48c9558/src/imports/controls/universal/qquickuniversalstyle.cpp,True
libqml_QtQuick_Controls.2_qtquickcontrols2plugin_arm64-v8a.so,1,https://github.com/qt/qtquickcontrols2/blob/16f27dfa3588c2bf377568ce00bf534af48c9558/src/imports/controls/qquickdefaultdial.cpp,True
libqml_QtQuick_Controls_Basic_impl_qtquickcontrols2basicstyleimplplugin_arm64-v8a.so,1,https://github.com/qt/qtdeclarative/blob/2884c601242f030307a5acdca984b3aa0d34e064/src/qml/Qt6QmlPluginTemplate.cpp.in,True
libqml_QtQuick_Controls_Basic_qtquickcontrols2basicstyleplugin_arm64-v8a.so,1,https://github.com/qt/qtdeclarative/blob/2884c601242f030307a5acdca984b3aa0d34e064/src/quickcontrols/basic/qtquickcontrols2basicstyleplugin.cpp,True
libqml_QtQuick_Controls_Fusion_impl_qtquickcontrols2fusionstyleimplplugin_arm64-v8a.so,1,https://github.com/qt/qtdeclarative/blob/2884c601242f030307a5acdca984b3aa0d34e064/src/qml/Qt6QmlPluginTemplate.cpp.in,True
libqml_QtQuick_Controls_Fusion_qtquickcontrols2fusionstyleplugin_arm64-v8a.so,1,https://github.com/qt/qtquickcontrols2/blob/16f27dfa3588c2bf377568ce00bf534af48c9558/src/imports/controls/fusion/qquickfusionknob.cpp,True
libqml_QtQuick_Controls_Imagine_impl_qtquickcontrols2imaginestyleimplplugin_arm64-v8a.so,1,https://github.com/qt/qtdeclarative/blob/2884c601242f030307a5acdca984b3aa0d34e064/src/qml/Qt6QmlPluginTemplate.cpp.in,True
libqml_QtQuick_Controls_Imagine_qtquickcontrols2imaginestyleplugin_arm64-v8a.so,1,https://github.com/qt/qtquickcontrols2/blob/16f27dfa3588c2bf377568ce00bf534af48c9558/src/imports/controls/imagine/qquickimaginestyle.cpp,True
libqml_QtQuick_Controls_Material_impl_qtquickcontrols2materialstyleimplplugin_arm64-v8a.so,1,https://github.com/qt/qtdeclarative/blob/2884c601242f030307a5acdca984b3aa0d34e064/src/qml/Qt6QmlPluginTemplate.cpp.in,True
libqml_QtQuick_Controls_Material_qtquickcontrols2materialstyleplugin_arm64-v8a.so,1,https://github.com/qt/qtquickcontrols2/blob/16f27dfa3588c2bf377568ce00bf534af48c9558/src/imports/controls/material/qquickmaterialstyle.cpp,True
libqml_QtQuick_Controls_Universal_impl_qtquickcontrols2universalstyleimplplugin_arm64-v8a.so,1,https://github.com/qt/qtdeclarative/blob/2884c601242f030307a5acdca984b3aa0d34e064/src/qml/Qt6QmlPluginTemplate.cpp.in,True
libqml_QtQuick_Controls_Universal_qtquickcontrols2universalstyleplugin_arm64-v8a.so,1,https://github.com/qt/qtquickcontrols2/blob/16f27dfa3588c2bf377568ce00bf534af48c9558/src/imports/controls/universal/qquickuniversalstyle.cpp,True
libqml_QtQuick_Controls_impl_qtquickcontrols2implplugin_arm64-v8a.so,1,https://github.com/qt/qtdeclarative/blob/2884c601242f030307a5acdca984b3aa0d34e064/src/qml/Qt6QmlPluginTemplate.cpp.in,True
libqml_QtQuick_Controls_qtquickcontrols2plugin_arm64-v8a.so,1,https://github.com/qt/qtquickcontrols2/blob/16f27dfa3588c2bf377568ce00bf534af48c9558/src/imports/controls/qquickdefaultdial.cpp,True
libqml_QtQuick_Dialogs_qtquickdialogsplugin_arm64-v8a.so,1,https://github.com/qt/qtdeclarative/blob/2884c601242f030307a5acdca984b3aa0d34e064/src/qml/Qt6QmlPluginTemplate.cpp.in,True
libqml_QtQuick_Dialogs_quickimpl_qtquickdialogs2quickimplplugin_arm64-v8a.so,1,https://github.com/qt/qtdeclarative/blob/2884c601242f030307a5acdca984b3aa0d34e064/src/qml/Qt6QmlPluginTemplate.cpp.in,True
libqml_QtQuick_Shapes_qmlshapesplugin_arm64-v8a.so,1,https://github.com/qt/qtdeclarative/blob/104eae5b17b0ec700391e9539ee3a4f638588194/src/imports/shapes/plugin.cpp,True
libqml_QtQuick_Templates.2_qtquicktemplates2plugin_arm64-v8a.so,1,https://github.com/qt/qtquickcontrols2/blob/16f27dfa3588c2bf377568ce00bf534af48c9558/src/imports/templates/qtquicktemplates2plugin.cpp,True
libqml_QtQuick_Templates_qtquicktemplates2plugin_arm64-v8a.so,1,https://github.com/qt/qtquickcontrols2/blob/16f27dfa3588c2bf377568ce00bf534af48c9558/src/imports/templates/qtquicktemplates2plugin.cpp,True
libqml_QtQuick_Window.2_windowplugin_arm64-v8a.so,1,https://github.com/qt/qtdeclarative/blob/104eae5b17b0ec700391e9539ee3a4f638588194/src/imports/window/plugin.cpp,True
libqml_QtQuick_Window_quickwindowplugin_arm64-v8a.so,1,https://github.com/qt/qtdeclarative/blob/2884c601242f030307a5acdca984b3aa0d34e064/src/qml/Qt6QmlPluginTemplate.cpp.in,True
libqml_QtQuick_qtquick2plugin_arm64-v8a.so,1,https://github.com/qt/qtdeclarative/blob/104eae5b17b0ec700391e9539ee3a4f638588194/src/imports/qtquick2/plugin.cpp,True
libqml_QtWebView_qtwebviewquickplugin_arm64-v8a.so,1,https://github.com/qt/qtwebview/blob/bd6c4f044445520e9de781b79736285b2db9c55d/src/quick/qquickwebview.cpp,True
libqml_Qt_labs_calendar_qtlabscalendarplugin_arm64-v8a.so,1,https://github.com/qt/qtquickcontrols2/blob/16f27dfa3588c2bf377568ce00bf534af48c9558/src/imports/calendar/qquickcalendar.cpp,True
libqml_Qt_labs_folderlistmodel_qmlfolderlistmodelplugin_arm64-v8a.so,1,https://github.com/qt/qtdeclarative/blob/104eae5b17b0ec700391e9539ee3a4f638588194/src/imports/folderlistmodel/plugin.cpp,True
libqml_Qt_labs_platform_qtlabsplatformplugin_arm64-v8a.so,1,https://github.com/qt/qtquickcontrols2/blob/16f27dfa3588c2bf377568ce00bf534af48c9558/src/imports/platform/qquickplatformicon.cpp,True
libqml_Qt_labs_settings_qmlsettingsplugin_arm64-v8a.so,1,https://github.com/qt/qtdeclarative/blob/104eae5b17b0ec700391e9539ee3a4f638588194/src/imports/settings/plugin.cpp,True
libreact_render_viewbuff.so,1,,False
